{"cameraMode":{"drawMode":0,"name":"Shaded","section":"Shading Mode"},"sceneLighting":true,"audioPlay":false,"sceneViewState":{"m_AlwaysRefresh":false,"showFog":true,"showSkybox":false,"showFlares":true,"showImageEffects":true,"showParticleSystems":true,"showVisualEffectGraphs":true,"m_FxEnabled":true},"in2DMode":false,"pivot":{"x":117.8699951171875,"y":0.3400001525878906,"z":200.10000610351563},"rotation":{"x":-0.05174712464213371,"y":0.14891991019248963,"z":-0.007615453097969294,"w":-0.9879096746444702},"size":60.62177658081055,"orthographic":false}