{"cameraMode":{"drawMode":0,"name":"Shaded","section":"Shading Mode"},"sceneLighting":false,"audioPlay":false,"sceneViewState":{"m_AlwaysRefresh":false,"showFog":true,"showSkybox":false,"showFlares":true,"showImageEffects":true,"showParticleSystems":true,"showVisualEffectGraphs":true,"m_FxEnabled":true},"in2DMode":false,"pivot":{"x":0.000030517578125,"y":0.9635443687438965,"z":-0.021734505891799928},"rotation":{"x":-0.006045978516340256,"y":0.9926814436912537,"z":-0.04994041472673416,"w":-0.11302138864994049},"size":1.3717924356460572,"orthographic":false}