{"cameraMode":{"drawMode":0,"name":"Shaded","section":"Shading Mode"},"sceneLighting":true,"audioPlay":false,"sceneViewState":{"m_AlwaysRefresh":false,"showFog":true,"showSkybox":false,"showFlares":true,"showImageEffects":true,"showParticleSystems":true,"showVisualEffectGraphs":true,"m_FxEnabled":true},"in2DMode":false,"pivot":{"x":304.1700134277344,"y":1.3199996948242188,"z":-394.1600036621094},"rotation":{"x":0.07378090918064118,"y":-0.10750637203454972,"z":0.008560555055737496,"w":0.9919156432151794},"size":24.24871063232422,"orthographic":false}